{"original_shape_MeshVolume": {"min": 347.0, "max": 188872.333333333}, "original_firstorder_Energy": {"min": 55519041.6523755, "max": 26127943571.323}, "original_shape_Sphericity": {"min": 0.460789006963256, "max": 0.847787345469976}, "original_glrlm_GrayLevelNonUniformity": {"min": 7.64157022314922, "max": 2495.27676766477}, "wavelet.HLH_glrlm_GrayLevelNonUniformity": {"min": 2.23000935234978, "max": 2413.0677361441}}