{"original_shape_MeshVolume": {"min": 377.0, "max": 131770.333333333}, "original_firstorder_Energy": {"min": 50530017.9939818, "max": 18324287918.7056}, "original_shape_Sphericity": {"min": 0.441675938300547, "max": 0.757635929397266}, "original_glrlm_GrayLevelNonUniformity": {"min": 4.92244046471187, "max": 2463.87661169735}, "wavelet.HLH_glrlm_GrayLevelNonUniformity": {"min": 2.41738379665811, "max": 1609.24354883398}}